<?xml version="1.0" encoding="UTF-8"?>

<!DOCTYPE hibernate-mapping PUBLIC 
    "-//Hibernate/Hibernate Mapping DTD 3.0//EN"
    "http://www.hibernate.org/dtd/hibernate-mapping-3.0.dtd">



<hibernate-mapping>

	<class table="employee_details" name="com.exponent.Employee">

		<id name="eid" type="int"></id>

		<property name="ename" type="string"></property>

		<property name="eaddress" type="string"></property>

		<property name="esalary" type="double"></property>


	</class>



</hibernate-mapping>
